product_id,product_name,category,sub_category,price
1,Смартфон Samsung Galaxy S20 A0,Электроника,Мобильные устройства,19116
2,Смартфон Samsung Galaxy S20 A0,Электроника,Мобильные устройства,16006
3,Смартфон Apple iPhone 13 A0,Электроника,Мобильные устройства,47930
4,Смартфон Apple iPhone 13 A0,Электроника,Мобильные устройства,20458
5,Планшет Huawei MatePad 11 A0,Электроника,Мобильные устройства,23238
6,Планшет Huawei MatePad 11 A0,Электроника,Мобильные устройства,59823
7,Ноутбук Lenovo L235 A0,Электроника,Компьютеры,69429
8,Ноутбук Lenovo L235 A0,Электроника,Компьютеры,93320
9,Ноутбук Lenovo L235 A0,Электроника,Компьютеры,57819
10,Ноутбук ASUS ZenBook 14 A0,Электроника,Компьютеры,58520
11,Ноутбук ASUS ZenBook 14 A0,Электроника,Компьютеры,56566
12,ПК Strom Депо I7 A0,Электроника,Компьютеры,97841
13,ПК Strom Депо I7 A0,Электроника,Компьютеры,44993
14,Монитор LG UltraGear 27GN950 A0,Электроника,Компьютеры,89840
15,Наушники Sony WH-1000XM4 A0,Электроника,Аксессуары,80010
16,Наушники Sony WH-1000XM4 A0,Электроника,Аксессуары,42087
17,Наушники JBL Tune 510BT A0,Электроника,Аксессуары,70589
18,Наушники JBL Tune 510BT A0,Электроника,Аксессуары,59735
19,Умные часы Samsung Galaxy Watch 5 A0,Электроника,Аксессуары,93886
20,Умные часы Samsung Galaxy Watch 5 A0,Электроника,Аксессуары,83000
21,Умные часы Samsung Galaxy Watch 5 A0,Электроника,Аксессуары,38785
22,Фитнес-браслет Xiaomi Mi Band 7 A0,Электроника,Аксессуары,17331
23,Фитнес-браслет Xiaomi Mi Band 7 A0,Электроника,Аксессуары,40021
24,Фитнес-браслет Xiaomi Mi Band 7 A0,Электроника,Аксессуары,14207
25,Смартфон Samsung Galaxy S20 B1,Электроника,Мобильные устройства,62581
26,Смартфон Samsung Galaxy S20 B1,Электроника,Мобильные устройства,45093
27,Смартфон Samsung Galaxy S20 B1,Электроника,Мобильные устройства,18675
28,Смартфон Apple iPhone 13 B1,Электроника,Мобильные устройства,84341
29,Смартфон Apple iPhone 13 B1,Электроника,Мобильные устройства,51245
30,Планшет Huawei MatePad 11 B1,Электроника,Мобильные устройства,95909
31,Планшет Huawei MatePad 11 B1,Электроника,Мобильные устройства,75435
32,Ноутбук Lenovo L235 B1,Электроника,Компьютеры,94259
33,Ноутбук Lenovo L235 B1,Электроника,Компьютеры,70142
34,Ноутбук Lenovo L235 B1,Электроника,Компьютеры,28726
35,Ноутбук Lenovo L235 B1,Электроника,Компьютеры,44718
36,Ноутбук ASUS ZenBook 14 B1,Электроника,Компьютеры,42325
37,Ноутбук ASUS ZenBook 14 B1,Электроника,Компьютеры,83579
38,ПК Strom Депо I7 B1,Электроника,Компьютеры,86622
39,ПК Strom Депо I7 B1,Электроника,Компьютеры,66155
40,ПК Strom Депо I7 B1,Электроника,Компьютеры,86484
41,Монитор LG UltraGear 27GN950 B1,Электроника,Компьютеры,57447
42,Монитор LG UltraGear 27GN950 B1,Электроника,Компьютеры,38746
43,Монитор LG UltraGear 27GN950 B1,Электроника,Компьютеры,28131
44,Монитор LG UltraGear 27GN950 B1,Электроника,Компьютеры,76784
45,Наушники Sony WH-1000XM4 B1,Электроника,Аксессуары,21915
46,Наушники Sony WH-1000XM4 B1,Электроника,Аксессуары,16175
47,Наушники Sony WH-1000XM4 B1,Электроника,Аксессуары,24371
48,Наушники Sony WH-1000XM4 B1,Электроника,Аксессуары,30033
49,Наушники JBL Tune 510BT B1,Электроника,Аксессуары,99192
50,Наушники JBL Tune 510BT B1,Электроника,Аксессуары,65333
51,Умные часы Samsung Galaxy Watch 5 B1,Электроника,Аксессуары,60432
52,Фитнес-браслет Xiaomi Mi Band 7 B1,Электроника,Аксессуары,88104
53,Фитнес-браслет Xiaomi Mi Band 7 B1,Электроника,Аксессуары,71348
54,Фитнес-браслет Xiaomi Mi Band 7 B1,Электроника,Аксессуары,79352
55,Фитнес-браслет Xiaomi Mi Band 7 B1,Электроника,Аксессуары,42953
56,Смартфон Samsung Galaxy S20 C2,Электроника,Мобильные устройства,99166
57,Смартфон Apple iPhone 13 C2,Электроника,Мобильные устройства,99353
58,Планшет Huawei MatePad 11 C2,Электроника,Мобильные устройства,94012
59,Планшет Huawei MatePad 11 C2,Электроника,Мобильные устройства,54587
60,Планшет Huawei MatePad 11 C2,Электроника,Мобильные устройства,24621
61,Ноутбук Lenovo L235 C2,Электроника,Компьютеры,66985
62,Ноутбук Lenovo L235 C2,Электроника,Компьютеры,30730
63,Ноутбук Lenovo L235 C2,Электроника,Компьютеры,69470
64,Ноутбук ASUS ZenBook 14 C2,Электроника,Компьютеры,44522
65,ПК Strom Депо I7 C2,Электроника,Компьютеры,76542
66,ПК Strom Депо I7 C2,Электроника,Компьютеры,23947
67,Монитор LG UltraGear 27GN950 C2,Электроника,Компьютеры,93748
68,Монитор LG UltraGear 27GN950 C2,Электроника,Компьютеры,76540
69,Монитор LG UltraGear 27GN950 C2,Электроника,Компьютеры,89818
70,Наушники Sony WH-1000XM4 C2,Электроника,Аксессуары,30032
71,Наушники Sony WH-1000XM4 C2,Электроника,Аксессуары,59009
72,Наушники JBL Tune 510BT C2,Электроника,Аксессуары,80697
73,Наушники JBL Tune 510BT C2,Электроника,Аксессуары,79514
74,Умные часы Samsung Galaxy Watch 5 C2,Электроника,Аксессуары,88504
75,Фитнес-браслет Xiaomi Mi Band 7 C2,Электроника,Аксессуары,74042
76,Фитнес-браслет Xiaomi Mi Band 7 C2,Электроника,Аксессуары,12552
77,Фитнес-браслет Xiaomi Mi Band 7 C2,Электроника,Аксессуары,24662
78,Смартфон Samsung Galaxy S20 D3,Электроника,Мобильные устройства,50306
79,Смартфон Samsung Galaxy S20 D3,Электроника,Мобильные устройства,41385
80,Смартфон Samsung Galaxy S20 D3,Электроника,Мобильные устройства,17592
81,Смартфон Apple iPhone 13 D3,Электроника,Мобильные устройства,84364
82,Смартфон Apple iPhone 13 D3,Электроника,Мобильные устройства,20322
83,Планшет Huawei MatePad 11 D3,Электроника,Мобильные устройства,73699
84,Ноутбук Lenovo L235 D3,Электроника,Компьютеры,79822
85,Ноутбук ASUS ZenBook 14 D3,Электроника,Компьютеры,26828
86,Ноутбук ASUS ZenBook 14 D3,Электроника,Компьютеры,96474
87,ПК Strom Депо I7 D3,Электроника,Компьютеры,82063
88,ПК Strom Депо I7 D3,Электроника,Компьютеры,31643
89,ПК Strom Депо I7 D3,Электроника,Компьютеры,44741
90,ПК Strom Депо I7 D3,Электроника,Компьютеры,79163
91,Монитор LG UltraGear 27GN950 D3,Электроника,Компьютеры,37760
92,Монитор LG UltraGear 27GN950 D3,Электроника,Компьютеры,80686
93,Монитор LG UltraGear 27GN950 D3,Электроника,Компьютеры,36365
94,Монитор LG UltraGear 27GN950 D3,Электроника,Компьютеры,50857
95,Наушники Sony WH-1000XM4 D3,Электроника,Аксессуары,98039
96,Наушники Sony WH-1000XM4 D3,Электроника,Аксессуары,95180
97,Наушники Sony WH-1000XM4 D3,Электроника,Аксессуары,58944
98,Наушники Sony WH-1000XM4 D3,Электроника,Аксессуары,67422
99,Наушники JBL Tune 510BT D3,Электроника,Аксессуары,25860
100,Наушники JBL Tune 510BT D3,Электроника,Аксессуары,42493
101,Наушники JBL Tune 510BT D3,Электроника,Аксессуары,39451
102,Наушники JBL Tune 510BT D3,Электроника,Аксессуары,18392
103,Умные часы Samsung Galaxy Watch 5 D3,Электроника,Аксессуары,12757
104,Умные часы Samsung Galaxy Watch 5 D3,Электроника,Аксессуары,87110
105,Умные часы Samsung Galaxy Watch 5 D3,Электроника,Аксессуары,82603
106,Фитнес-браслет Xiaomi Mi Band 7 D3,Электроника,Аксессуары,87128
107,Фитнес-браслет Xiaomi Mi Band 7 D3,Электроника,Аксессуары,38864
108,Смартфон Samsung Galaxy S20 E4,Электроника,Мобильные устройства,19305
109,Смартфон Apple iPhone 13 E4,Электроника,Мобильные устройства,40007
110,Планшет Huawei MatePad 11 E4,Электроника,Мобильные устройства,14117
111,Ноутбук Lenovo L235 E4,Электроника,Компьютеры,19287
112,Ноутбук Lenovo L235 E4,Электроника,Компьютеры,77391
113,Ноутбук Lenovo L235 E4,Электроника,Компьютеры,41195
114,Ноутбук ASUS ZenBook 14 E4,Электроника,Компьютеры,97684
115,Ноутбук ASUS ZenBook 14 E4,Электроника,Компьютеры,73624
116,Ноутбук ASUS ZenBook 14 E4,Электроника,Компьютеры,38080
117,ПК Strom Депо I7 E4,Электроника,Компьютеры,84847
118,ПК Strom Депо I7 E4,Электроника,Компьютеры,85525
119,Монитор LG UltraGear 27GN950 E4,Электроника,Компьютеры,41850
120,Монитор LG UltraGear 27GN950 E4,Электроника,Компьютеры,71993
121,Монитор LG UltraGear 27GN950 E4,Электроника,Компьютеры,63354
122,Монитор LG UltraGear 27GN950 E4,Электроника,Компьютеры,34957
123,Наушники Sony WH-1000XM4 E4,Электроника,Аксессуары,22704
124,Наушники JBL Tune 510BT E4,Электроника,Аксессуары,56438
125,Наушники JBL Tune 510BT E4,Электроника,Аксессуары,65519
126,Наушники JBL Tune 510BT E4,Электроника,Аксессуары,63883
127,Наушники JBL Tune 510BT E4,Электроника,Аксессуары,71213
128,Умные часы Samsung Galaxy Watch 5 E4,Электроника,Аксессуары,98259
129,Фитнес-браслет Xiaomi Mi Band 7 E4,Электроника,Аксессуары,17944
130,Смартфон Samsung Galaxy S20 F5,Электроника,Мобильные устройства,54473
131,Смартфон Samsung Galaxy S20 F5,Электроника,Мобильные устройства,24322
132,Смартфон Samsung Galaxy S20 F5,Электроника,Мобильные устройства,42591
133,Смартфон Samsung Galaxy S20 F5,Электроника,Мобильные устройства,35112
134,Смартфон Apple iPhone 13 F5,Электроника,Мобильные устройства,80292
135,Смартфон Apple iPhone 13 F5,Электроника,Мобильные устройства,68800
136,Планшет Huawei MatePad 11 F5,Электроника,Мобильные устройства,65296
137,Планшет Huawei MatePad 11 F5,Электроника,Мобильные устройства,34050
138,Ноутбук Lenovo L235 F5,Электроника,Компьютеры,70637
139,Ноутбук Lenovo L235 F5,Электроника,Компьютеры,42742
140,Ноутбук Lenovo L235 F5,Электроника,Компьютеры,19880
141,Ноутбук ASUS ZenBook 14 F5,Электроника,Компьютеры,82132
142,Ноутбук ASUS ZenBook 14 F5,Электроника,Компьютеры,22833
143,Ноутбук ASUS ZenBook 14 F5,Электроника,Компьютеры,16630
144,Ноутбук ASUS ZenBook 14 F5,Электроника,Компьютеры,95477
145,ПК Strom Депо I7 F5,Электроника,Компьютеры,22224
146,Монитор LG UltraGear 27GN950 F5,Электроника,Компьютеры,31798
147,Монитор LG UltraGear 27GN950 F5,Электроника,Компьютеры,63269
148,Наушники Sony WH-1000XM4 F5,Электроника,Аксессуары,73092
149,Наушники Sony WH-1000XM4 F5,Электроника,Аксессуары,38016
150,Наушники Sony WH-1000XM4 F5,Электроника,Аксессуары,62565
151,Наушники Sony WH-1000XM4 F5,Электроника,Аксессуары,17685
152,Наушники JBL Tune 510BT F5,Электроника,Аксессуары,59672
153,Наушники JBL Tune 510BT F5,Электроника,Аксессуары,10282
154,Умные часы Samsung Galaxy Watch 5 F5,Электроника,Аксессуары,44760
155,Умные часы Samsung Galaxy Watch 5 F5,Электроника,Аксессуары,69638
156,Умные часы Samsung Galaxy Watch 5 F5,Электроника,Аксессуары,47388
157,Умные часы Samsung Galaxy Watch 5 F5,Электроника,Аксессуары,65444
158,Фитнес-браслет Xiaomi Mi Band 7 F5,Электроника,Аксессуары,30289
159,Фитнес-браслет Xiaomi Mi Band 7 F5,Электроника,Аксессуары,34890
160,Фитнес-браслет Xiaomi Mi Band 7 F5,Электроника,Аксессуары,48890
161,Фитнес-браслет Xiaomi Mi Band 7 F5,Электроника,Аксессуары,38534
162,Смартфон Samsung Galaxy S20 G6,Электроника,Мобильные устройства,85914
163,Смартфон Apple iPhone 13 G6,Электроника,Мобильные устройства,51104
164,Планшет Huawei MatePad 11 G6,Электроника,Мобильные устройства,16572
165,Ноутбук Lenovo L235 G6,Электроника,Компьютеры,75909
166,Ноутбук Lenovo L235 G6,Электроника,Компьютеры,79615
167,Ноутбук Lenovo L235 G6,Электроника,Компьютеры,30635
168,Ноутбук Lenovo L235 G6,Электроника,Компьютеры,17455
169,Ноутбук ASUS ZenBook 14 G6,Электроника,Компьютеры,34356
170,ПК Strom Депо I7 G6,Электроника,Компьютеры,87992
171,Монитор LG UltraGear 27GN950 G6,Электроника,Компьютеры,98501
172,Наушники Sony WH-1000XM4 G6,Электроника,Аксессуары,62923
173,Наушники Sony WH-1000XM4 G6,Электроника,Аксессуары,25713
174,Наушники JBL Tune 510BT G6,Электроника,Аксессуары,85880
175,Наушники JBL Tune 510BT G6,Электроника,Аксессуары,87924
176,Умные часы Samsung Galaxy Watch 5 G6,Электроника,Аксессуары,91183
177,Фитнес-браслет Xiaomi Mi Band 7 G6,Электроника,Аксессуары,64948
178,Смартфон Samsung Galaxy S20 H7,Электроника,Мобильные устройства,44179
179,Смартфон Samsung Galaxy S20 H7,Электроника,Мобильные устройства,36772
180,Смартфон Samsung Galaxy S20 H7,Электроника,Мобильные устройства,97782
181,Смартфон Apple iPhone 13 H7,Электроника,Мобильные устройства,41285
182,Смартфон Apple iPhone 13 H7,Электроника,Мобильные устройства,44814
183,Смартфон Apple iPhone 13 H7,Электроника,Мобильные устройства,61876
184,Планшет Huawei MatePad 11 H7,Электроника,Мобильные устройства,98039
185,Планшет Huawei MatePad 11 H7,Электроника,Мобильные устройства,94607
186,Ноутбук Lenovo L235 H7,Электроника,Компьютеры,69929
187,Ноутбук Lenovo L235 H7,Электроника,Компьютеры,51441
188,Ноутбук Lenovo L235 H7,Электроника,Компьютеры,19508
189,Ноутбук ASUS ZenBook 14 H7,Электроника,Компьютеры,70068
190,ПК Strom Депо I7 H7,Электроника,Компьютеры,19602
191,Монитор LG UltraGear 27GN950 H7,Электроника,Компьютеры,76307
192,Монитор LG UltraGear 27GN950 H7,Электроника,Компьютеры,44760
193,Наушники Sony WH-1000XM4 H7,Электроника,Аксессуары,55745
194,Наушники Sony WH-1000XM4 H7,Электроника,Аксессуары,19016
195,Наушники JBL Tune 510BT H7,Электроника,Аксессуары,58434
196,Наушники JBL Tune 510BT H7,Электроника,Аксессуары,47353
197,Умные часы Samsung Galaxy Watch 5 H7,Электроника,Аксессуары,67433
198,Умные часы Samsung Galaxy Watch 5 H7,Электроника,Аксессуары,81200
199,Фитнес-браслет Xiaomi Mi Band 7 H7,Электроника,Аксессуары,90173
200,Фитнес-браслет Xiaomi Mi Band 7 H7,Электроника,Аксессуары,95717
201,Фитнес-браслет Xiaomi Mi Band 7 H7,Электроника,Аксессуары,79329
202,Смартфон Samsung Galaxy S20 I8,Электроника,Мобильные устройства,97538
203,Смартфон Apple iPhone 13 I8,Электроника,Мобильные устройства,96951
204,Смартфон Apple iPhone 13 I8,Электроника,Мобильные устройства,23577
205,Смартфон Apple iPhone 13 I8,Электроника,Мобильные устройства,27601
206,Планшет Huawei MatePad 11 I8,Электроника,Мобильные устройства,25129
207,Планшет Huawei MatePad 11 I8,Электроника,Мобильные устройства,24029
208,Планшет Huawei MatePad 11 I8,Электроника,Мобильные устройства,82512
209,Ноутбук Lenovo L235 I8,Электроника,Компьютеры,45697
210,Ноутбук Lenovo L235 I8,Электроника,Компьютеры,46930
211,Ноутбук ASUS ZenBook 14 I8,Электроника,Компьютеры,54942
212,Ноутбук ASUS ZenBook 14 I8,Электроника,Компьютеры,36685
213,ПК Strom Депо I7 I8,Электроника,Компьютеры,76244
214,ПК Strom Депо I7 I8,Электроника,Компьютеры,74032
215,ПК Strom Депо I7 I8,Электроника,Компьютеры,42914
216,Монитор LG UltraGear 27GN950 I8,Электроника,Компьютеры,22097
217,Наушники Sony WH-1000XM4 I8,Электроника,Аксессуары,46265
218,Наушники Sony WH-1000XM4 I8,Электроника,Аксессуары,15778
219,Наушники Sony WH-1000XM4 I8,Электроника,Аксессуары,10464
220,Наушники Sony WH-1000XM4 I8,Электроника,Аксессуары,53719
221,Наушники JBL Tune 510BT I8,Электроника,Аксессуары,93507
222,Наушники JBL Tune 510BT I8,Электроника,Аксессуары,44335
223,Умные часы Samsung Galaxy Watch 5 I8,Электроника,Аксессуары,67912
224,Умные часы Samsung Galaxy Watch 5 I8,Электроника,Аксессуары,82309
225,Фитнес-браслет Xiaomi Mi Band 7 I8,Электроника,Аксессуары,83519
226,Фитнес-браслет Xiaomi Mi Band 7 I8,Электроника,Аксессуары,11267
227,Фитнес-браслет Xiaomi Mi Band 7 I8,Электроника,Аксессуары,24663
228,Фитнес-браслет Xiaomi Mi Band 7 I8,Электроника,Аксессуары,19862
229,Смартфон Samsung Galaxy S20 J9,Электроника,Мобильные устройства,81511
230,Смартфон Samsung Galaxy S20 J9,Электроника,Мобильные устройства,14722
231,Смартфон Apple iPhone 13 J9,Электроника,Мобильные устройства,86350
232,Смартфон Apple iPhone 13 J9,Электроника,Мобильные устройства,82420
233,Смартфон Apple iPhone 13 J9,Электроника,Мобильные устройства,29410
234,Планшет Huawei MatePad 11 J9,Электроника,Мобильные устройства,26704
235,Планшет Huawei MatePad 11 J9,Электроника,Мобильные устройства,15482
236,Планшет Huawei MatePad 11 J9,Электроника,Мобильные устройства,50404
237,Планшет Huawei MatePad 11 J9,Электроника,Мобильные устройства,57795
238,Ноутбук Lenovo L235 J9,Электроника,Компьютеры,56898
239,Ноутбук ASUS ZenBook 14 J9,Электроника,Компьютеры,99399
240,Ноутбук ASUS ZenBook 14 J9,Электроника,Компьютеры,42706
241,ПК Strom Депо I7 J9,Электроника,Компьютеры,56357
242,Монитор LG UltraGear 27GN950 J9,Электроника,Компьютеры,91351
243,Монитор LG UltraGear 27GN950 J9,Электроника,Компьютеры,30257
244,Монитор LG UltraGear 27GN950 J9,Электроника,Компьютеры,41029
245,Монитор LG UltraGear 27GN950 J9,Электроника,Компьютеры,31299
246,Наушники Sony WH-1000XM4 J9,Электроника,Аксессуары,64040
247,Наушники Sony WH-1000XM4 J9,Электроника,Аксессуары,13248
248,Наушники JBL Tune 510BT J9,Электроника,Аксессуары,53540
249,Наушники JBL Tune 510BT J9,Электроника,Аксессуары,63964
250,Умные часы Samsung Galaxy Watch 5 J9,Электроника,Аксессуары,44970
251,Умные часы Samsung Galaxy Watch 5 J9,Электроника,Аксессуары,30866
252,Фитнес-браслет Xiaomi Mi Band 7 J9,Электроника,Аксессуары,60140
253,Холодильник Ariston A10 A0,Бытовая техника,Крупная техника,35847
254,Холодильник LG DoorCooling+ GA-B509 A0,Бытовая техника,Крупная техника,18079
255,Холодильник LG DoorCooling+ GA-B509 A0,Бытовая техника,Крупная техника,35166
256,Стиральная машина Beko B20 A0,Бытовая техника,Крупная техника,25000
257,Стиральная машина Beko B20 A0,Бытовая техника,Крупная техника,19915
258,Стиральная машина Beko B20 A0,Бытовая техника,Крупная техника,19609
259,Стиральная машина Bosch Serie 6 WGG244 A0,Бытовая техника,Крупная техника,17656
260,Микроволновка Samsung Smart Oven 200 A0,Бытовая техника,Малая техника,26512
261,Микроволновка Samsung Smart Oven 200 A0,Бытовая техника,Малая техника,23258
262,Микроволновка Samsung Smart Oven 200 A0,Бытовая техника,Малая техника,9549
263,Микроволновка Samsung Smart Oven 200 A0,Бытовая техника,Малая техника,23292
264,Мультиварка Redmond RMC-M90 A0,Бытовая техника,Малая техника,38384
265,Мультиварка Redmond RMC-M90 A0,Бытовая техника,Малая техника,31193
266,Мультиварка Redmond RMC-M90 A0,Бытовая техника,Малая техника,26702
267,Пылесос Dyson V11 Absolute A0,Бытовая техника,Малая техника,12559
268,Блендер Braun MQ 5235 A0,Бытовая техника,Малая техника,16702
269,Блендер Braun MQ 5235 A0,Бытовая техника,Малая техника,22397
270,Блендер Braun MQ 5235 A0,Бытовая техника,Малая техника,7507
271,Кофемашина De'Longhi Magnifica S A0,Бытовая техника,Малая техника,33479
272,Холодильник Ariston A10 B1,Бытовая техника,Крупная техника,25557
273,Холодильник Ariston A10 B1,Бытовая техника,Крупная техника,33599
274,Холодильник Ariston A10 B1,Бытовая техника,Крупная техника,38516
275,Холодильник LG DoorCooling+ GA-B509 B1,Бытовая техника,Крупная техника,30244
276,Стиральная машина Beko B20 B1,Бытовая техника,Крупная техника,21693
277,Стиральная машина Beko B20 B1,Бытовая техника,Крупная техника,7908
278,Стиральная машина Bosch Serie 6 WGG244 B1,Бытовая техника,Крупная техника,5110
279,Стиральная машина Bosch Serie 6 WGG244 B1,Бытовая техника,Крупная техника,39073
280,Стиральная машина Bosch Serie 6 WGG244 B1,Бытовая техника,Крупная техника,17912
281,Стиральная машина Bosch Serie 6 WGG244 B1,Бытовая техника,Крупная техника,28869
282,Микроволновка Samsung Smart Oven 200 B1,Бытовая техника,Малая техника,9585
283,Микроволновка Samsung Smart Oven 200 B1,Бытовая техника,Малая техника,26639
284,Микроволновка Samsung Smart Oven 200 B1,Бытовая техника,Малая техника,25572
285,Микроволновка Samsung Smart Oven 200 B1,Бытовая техника,Малая техника,13167
286,Мультиварка Redmond RMC-M90 B1,Бытовая техника,Малая техника,38234
287,Мультиварка Redmond RMC-M90 B1,Бытовая техника,Малая техника,25269
288,Мультиварка Redmond RMC-M90 B1,Бытовая техника,Малая техника,31764
289,Пылесос Dyson V11 Absolute B1,Бытовая техника,Малая техника,31371
290,Пылесос Dyson V11 Absolute B1,Бытовая техника,Малая техника,24376
291,Пылесос Dyson V11 Absolute B1,Бытовая техника,Малая техника,13341
292,Блендер Braun MQ 5235 B1,Бытовая техника,Малая техника,32554
293,Блендер Braun MQ 5235 B1,Бытовая техника,Малая техника,29847
294,Кофемашина De'Longhi Magnifica S B1,Бытовая техника,Малая техника,24723
295,Кофемашина De'Longhi Magnifica S B1,Бытовая техника,Малая техника,31612
296,Холодильник Ariston A10 C2,Бытовая техника,Крупная техника,24914
297,Холодильник LG DoorCooling+ GA-B509 C2,Бытовая техника,Крупная техника,18774
298,Холодильник LG DoorCooling+ GA-B509 C2,Бытовая техника,Крупная техника,33173
299,Холодильник LG DoorCooling+ GA-B509 C2,Бытовая техника,Крупная техника,26118
300,Стиральная машина Beko B20 C2,Бытовая техника,Крупная техника,33952
301,Стиральная машина Beko B20 C2,Бытовая техника,Крупная техника,33977
302,Стиральная машина Beko B20 C2,Бытовая техника,Крупная техника,19005
303,Стиральная машина Beko B20 C2,Бытовая техника,Крупная техника,38500
304,Стиральная машина Bosch Serie 6 WGG244 C2,Бытовая техника,Крупная техника,16120
305,Стиральная машина Bosch Serie 6 WGG244 C2,Бытовая техника,Крупная техника,10557
306,Стиральная машина Bosch Serie 6 WGG244 C2,Бытовая техника,Крупная техника,23598
307,Стиральная машина Bosch Serie 6 WGG244 C2,Бытовая техника,Крупная техника,38780
308,Микроволновка Samsung Smart Oven 200 C2,Бытовая техника,Малая техника,11120
309,Микроволновка Samsung Smart Oven 200 C2,Бытовая техника,Малая техника,20392
310,Микроволновка Samsung Smart Oven 200 C2,Бытовая техника,Малая техника,25343
311,Мультиварка Redmond RMC-M90 C2,Бытовая техника,Малая техника,18050
312,Мультиварка Redmond RMC-M90 C2,Бытовая техника,Малая техника,14656
313,Пылесос Dyson V11 Absolute C2,Бытовая техника,Малая техника,8028
314,Блендер Braun MQ 5235 C2,Бытовая техника,Малая техника,36138
315,Блендер Braun MQ 5235 C2,Бытовая техника,Малая техника,9772
316,Кофемашина De'Longhi Magnifica S C2,Бытовая техника,Малая техника,32160
317,Кофемашина De'Longhi Magnifica S C2,Бытовая техника,Малая техника,17742
318,Кофемашина De'Longhi Magnifica S C2,Бытовая техника,Малая техника,30164
319,Кофемашина De'Longhi Magnifica S C2,Бытовая техника,Малая техника,37399
320,Холодильник Ariston A10 D3,Бытовая техника,Крупная техника,20989
321,Холодильник Ariston A10 D3,Бытовая техника,Крупная техника,14671
322,Холодильник Ariston A10 D3,Бытовая техника,Крупная техника,5363
323,Холодильник Ariston A10 D3,Бытовая техника,Крупная техника,11985
324,Холодильник LG DoorCooling+ GA-B509 D3,Бытовая техника,Крупная техника,19341
325,Холодильник LG DoorCooling+ GA-B509 D3,Бытовая техника,Крупная техника,16526
326,Холодильник LG DoorCooling+ GA-B509 D3,Бытовая техника,Крупная техника,38944
327,Холодильник LG DoorCooling+ GA-B509 D3,Бытовая техника,Крупная техника,35444
328,Стиральная машина Beko B20 D3,Бытовая техника,Крупная техника,21331
329,Стиральная машина Bosch Serie 6 WGG244 D3,Бытовая техника,Крупная техника,34914
330,Микроволновка Samsung Smart Oven 200 D3,Бытовая техника,Малая техника,35450
331,Микроволновка Samsung Smart Oven 200 D3,Бытовая техника,Малая техника,39808
332,Мультиварка Redmond RMC-M90 D3,Бытовая техника,Малая техника,34004
333,Мультиварка Redmond RMC-M90 D3,Бытовая техника,Малая техника,38081
334,Мультиварка Redmond RMC-M90 D3,Бытовая техника,Малая техника,32966
335,Пылесос Dyson V11 Absolute D3,Бытовая техника,Малая техника,15430
336,Пылесос Dyson V11 Absolute D3,Бытовая техника,Малая техника,36108
337,Пылесос Dyson V11 Absolute D3,Бытовая техника,Малая техника,34495
338,Пылесос Dyson V11 Absolute D3,Бытовая техника,Малая техника,21986
339,Блендер Braun MQ 5235 D3,Бытовая техника,Малая техника,23173
340,Блендер Braun MQ 5235 D3,Бытовая техника,Малая техника,39163
341,Кофемашина De'Longhi Magnifica S D3,Бытовая техника,Малая техника,20679
342,Кофемашина De'Longhi Magnifica S D3,Бытовая техника,Малая техника,22996
343,Кофемашина De'Longhi Magnifica S D3,Бытовая техника,Малая техника,33827
344,Кофемашина De'Longhi Magnifica S D3,Бытовая техника,Малая техника,10077
345,Холодильник Ariston A10 E4,Бытовая техника,Крупная техника,20367
346,Холодильник Ariston A10 E4,Бытовая техника,Крупная техника,22807
347,Холодильник Ariston A10 E4,Бытовая техника,Крупная техника,27010
348,Холодильник LG DoorCooling+ GA-B509 E4,Бытовая техника,Крупная техника,10280
349,Холодильник LG DoorCooling+ GA-B509 E4,Бытовая техника,Крупная техника,14068
350,Холодильник LG DoorCooling+ GA-B509 E4,Бытовая техника,Крупная техника,14884
351,Стиральная машина Beko B20 E4,Бытовая техника,Крупная техника,30102
352,Стиральная машина Beko B20 E4,Бытовая техника,Крупная техника,15014
353,Стиральная машина Bosch Serie 6 WGG244 E4,Бытовая техника,Крупная техника,9209
354,Стиральная машина Bosch Serie 6 WGG244 E4,Бытовая техника,Крупная техника,32188
355,Микроволновка Samsung Smart Oven 200 E4,Бытовая техника,Малая техника,26684
356,Микроволновка Samsung Smart Oven 200 E4,Бытовая техника,Малая техника,35534
357,Микроволновка Samsung Smart Oven 200 E4,Бытовая техника,Малая техника,32248
358,Микроволновка Samsung Smart Oven 200 E4,Бытовая техника,Малая техника,9080
359,Мультиварка Redmond RMC-M90 E4,Бытовая техника,Малая техника,32534
360,Мультиварка Redmond RMC-M90 E4,Бытовая техника,Малая техника,30524
361,Пылесос Dyson V11 Absolute E4,Бытовая техника,Малая техника,29928
362,Блендер Braun MQ 5235 E4,Бытовая техника,Малая техника,5386
363,Блендер Braun MQ 5235 E4,Бытовая техника,Малая техника,28052
364,Блендер Braun MQ 5235 E4,Бытовая техника,Малая техника,24569
365,Блендер Braun MQ 5235 E4,Бытовая техника,Малая техника,30558
366,Кофемашина De'Longhi Magnifica S E4,Бытовая техника,Малая техника,19453
367,Кофемашина De'Longhi Magnifica S E4,Бытовая техника,Малая техника,36996
368,Кофемашина De'Longhi Magnifica S E4,Бытовая техника,Малая техника,19380
369,Кофемашина De'Longhi Magnifica S E4,Бытовая техника,Малая техника,22887
370,Холодильник Ariston A10 F5,Бытовая техника,Крупная техника,36827
371,Холодильник Ariston A10 F5,Бытовая техника,Крупная техника,6902
372,Холодильник Ariston A10 F5,Бытовая техника,Крупная техника,30484
373,Холодильник Ariston A10 F5,Бытовая техника,Крупная техника,27028
374,Холодильник LG DoorCooling+ GA-B509 F5,Бытовая техника,Крупная техника,15816
375,Холодильник LG DoorCooling+ GA-B509 F5,Бытовая техника,Крупная техника,35630
376,Холодильник LG DoorCooling+ GA-B509 F5,Бытовая техника,Крупная техника,13364
377,Холодильник LG DoorCooling+ GA-B509 F5,Бытовая техника,Крупная техника,6767
378,Стиральная машина Beko B20 F5,Бытовая техника,Крупная техника,6776
379,Стиральная машина Beko B20 F5,Бытовая техника,Крупная техника,10501
380,Стиральная машина Beko B20 F5,Бытовая техника,Крупная техника,33089
381,Стиральная машина Beko B20 F5,Бытовая техника,Крупная техника,13893
382,Стиральная машина Bosch Serie 6 WGG244 F5,Бытовая техника,Крупная техника,16909
383,Стиральная машина Bosch Serie 6 WGG244 F5,Бытовая техника,Крупная техника,8295
384,Стиральная машина Bosch Serie 6 WGG244 F5,Бытовая техника,Крупная техника,22049
385,Стиральная машина Bosch Serie 6 WGG244 F5,Бытовая техника,Крупная техника,29844
386,Микроволновка Samsung Smart Oven 200 F5,Бытовая техника,Малая техника,18871
387,Микроволновка Samsung Smart Oven 200 F5,Бытовая техника,Малая техника,34799
388,Микроволновка Samsung Smart Oven 200 F5,Бытовая техника,Малая техника,26420
389,Мультиварка Redmond RMC-M90 F5,Бытовая техника,Малая техника,29846
390,Мультиварка Redmond RMC-M90 F5,Бытовая техника,Малая техника,23235
391,Мультиварка Redmond RMC-M90 F5,Бытовая техника,Малая техника,32627
392,Пылесос Dyson V11 Absolute F5,Бытовая техника,Малая техника,10367
393,Пылесос Dyson V11 Absolute F5,Бытовая техника,Малая техника,35822
394,Пылесос Dyson V11 Absolute F5,Бытовая техника,Малая техника,6270
395,Блендер Braun MQ 5235 F5,Бытовая техника,Малая техника,27935
396,Кофемашина De'Longhi Magnifica S F5,Бытовая техника,Малая техника,9496
397,Кофемашина De'Longhi Magnifica S F5,Бытовая техника,Малая техника,7638
398,Холодильник Ariston A10 G6,Бытовая техника,Крупная техника,21205
399,Холодильник LG DoorCooling+ GA-B509 G6,Бытовая техника,Крупная техника,6335
400,Холодильник LG DoorCooling+ GA-B509 G6,Бытовая техника,Крупная техника,14986
401,Стиральная машина Beko B20 G6,Бытовая техника,Крупная техника,13272
402,Стиральная машина Beko B20 G6,Бытовая техника,Крупная техника,36035
403,Стиральная машина Bosch Serie 6 WGG244 G6,Бытовая техника,Крупная техника,19284
404,Микроволновка Samsung Smart Oven 200 G6,Бытовая техника,Малая техника,21793
405,Микроволновка Samsung Smart Oven 200 G6,Бытовая техника,Малая техника,29175
406,Микроволновка Samsung Smart Oven 200 G6,Бытовая техника,Малая техника,15996
407,Микроволновка Samsung Smart Oven 200 G6,Бытовая техника,Малая техника,12506
408,Мультиварка Redmond RMC-M90 G6,Бытовая техника,Малая техника,25384
409,Мультиварка Redmond RMC-M90 G6,Бытовая техника,Малая техника,12084
410,Пылесос Dyson V11 Absolute G6,Бытовая техника,Малая техника,25444
411,Блендер Braun MQ 5235 G6,Бытовая техника,Малая техника,30995
412,Блендер Braun MQ 5235 G6,Бытовая техника,Малая техника,17997
413,Блендер Braun MQ 5235 G6,Бытовая техника,Малая техника,9980
414,Блендер Braun MQ 5235 G6,Бытовая техника,Малая техника,20915
415,Кофемашина De'Longhi Magnifica S G6,Бытовая техника,Малая техника,24764
416,Холодильник Ariston A10 H7,Бытовая техника,Крупная техника,7691
417,Холодильник LG DoorCooling+ GA-B509 H7,Бытовая техника,Крупная техника,39913
418,Холодильник LG DoorCooling+ GA-B509 H7,Бытовая техника,Крупная техника,33074
419,Холодильник LG DoorCooling+ GA-B509 H7,Бытовая техника,Крупная техника,29285
420,Стиральная машина Beko B20 H7,Бытовая техника,Крупная техника,38158
421,Стиральная машина Bosch Serie 6 WGG244 H7,Бытовая техника,Крупная техника,5829
422,Стиральная машина Bosch Serie 6 WGG244 H7,Бытовая техника,Крупная техника,32528
423,Стиральная машина Bosch Serie 6 WGG244 H7,Бытовая техника,Крупная техника,37125
424,Микроволновка Samsung Smart Oven 200 H7,Бытовая техника,Малая техника,33411
425,Мультиварка Redmond RMC-M90 H7,Бытовая техника,Малая техника,35129
426,Мультиварка Redmond RMC-M90 H7,Бытовая техника,Малая техника,15026
427,Мультиварка Redmond RMC-M90 H7,Бытовая техника,Малая техника,33540
428,Пылесос Dyson V11 Absolute H7,Бытовая техника,Малая техника,39193
429,Пылесос Dyson V11 Absolute H7,Бытовая техника,Малая техника,22700
430,Блендер Braun MQ 5235 H7,Бытовая техника,Малая техника,35465
431,Блендер Braun MQ 5235 H7,Бытовая техника,Малая техника,33545
432,Блендер Braun MQ 5235 H7,Бытовая техника,Малая техника,22589
433,Блендер Braun MQ 5235 H7,Бытовая техника,Малая техника,26122
434,Кофемашина De'Longhi Magnifica S H7,Бытовая техника,Малая техника,10679
435,Кофемашина De'Longhi Magnifica S H7,Бытовая техника,Малая техника,23279
436,Холодильник Ariston A10 I8,Бытовая техника,Крупная техника,20981
437,Холодильник Ariston A10 I8,Бытовая техника,Крупная техника,35455
438,Холодильник Ariston A10 I8,Бытовая техника,Крупная техника,29837
439,Холодильник Ariston A10 I8,Бытовая техника,Крупная техника,27046
440,Холодильник LG DoorCooling+ GA-B509 I8,Бытовая техника,Крупная техника,37394
441,Стиральная машина Beko B20 I8,Бытовая техника,Крупная техника,16917
442,Стиральная машина Beko B20 I8,Бытовая техника,Крупная техника,36952
443,Стиральная машина Beko B20 I8,Бытовая техника,Крупная техника,18901
444,Стиральная машина Bosch Serie 6 WGG244 I8,Бытовая техника,Крупная техника,21931
445,Стиральная машина Bosch Serie 6 WGG244 I8,Бытовая техника,Крупная техника,27304
446,Стиральная машина Bosch Serie 6 WGG244 I8,Бытовая техника,Крупная техника,23327
447,Микроволновка Samsung Smart Oven 200 I8,Бытовая техника,Малая техника,5665
448,Микроволновка Samsung Smart Oven 200 I8,Бытовая техника,Малая техника,38857
449,Микроволновка Samsung Smart Oven 200 I8,Бытовая техника,Малая техника,17521
450,Мультиварка Redmond RMC-M90 I8,Бытовая техника,Малая техника,20817
451,Пылесос Dyson V11 Absolute I8,Бытовая техника,Малая техника,37019
452,Пылесос Dyson V11 Absolute I8,Бытовая техника,Малая техника,20749
453,Пылесос Dyson V11 Absolute I8,Бытовая техника,Малая техника,36201
454,Пылесос Dyson V11 Absolute I8,Бытовая техника,Малая техника,37166
455,Блендер Braun MQ 5235 I8,Бытовая техника,Малая техника,6130
456,Блендер Braun MQ 5235 I8,Бытовая техника,Малая техника,11098
457,Блендер Braun MQ 5235 I8,Бытовая техника,Малая техника,24283
458,Блендер Braun MQ 5235 I8,Бытовая техника,Малая техника,19522
459,Кофемашина De'Longhi Magnifica S I8,Бытовая техника,Малая техника,20945
460,Кофемашина De'Longhi Magnifica S I8,Бытовая техника,Малая техника,25067
461,Кофемашина De'Longhi Magnifica S I8,Бытовая техника,Малая техника,29184
462,Кофемашина De'Longhi Magnifica S I8,Бытовая техника,Малая техника,36015
463,Холодильник Ariston A10 J9,Бытовая техника,Крупная техника,32885
464,Холодильник Ariston A10 J9,Бытовая техника,Крупная техника,26678
465,Холодильник Ariston A10 J9,Бытовая техника,Крупная техника,28056
466,Холодильник LG DoorCooling+ GA-B509 J9,Бытовая техника,Крупная техника,22754
467,Холодильник LG DoorCooling+ GA-B509 J9,Бытовая техника,Крупная техника,25094
468,Холодильник LG DoorCooling+ GA-B509 J9,Бытовая техника,Крупная техника,21475
469,Холодильник LG DoorCooling+ GA-B509 J9,Бытовая техника,Крупная техника,20108
470,Стиральная машина Beko B20 J9,Бытовая техника,Крупная техника,17621
471,Стиральная машина Bosch Serie 6 WGG244 J9,Бытовая техника,Крупная техника,12835
472,Стиральная машина Bosch Serie 6 WGG244 J9,Бытовая техника,Крупная техника,17133
473,Стиральная машина Bosch Serie 6 WGG244 J9,Бытовая техника,Крупная техника,17552
474,Микроволновка Samsung Smart Oven 200 J9,Бытовая техника,Малая техника,36732
475,Микроволновка Samsung Smart Oven 200 J9,Бытовая техника,Малая техника,23120
476,Мультиварка Redmond RMC-M90 J9,Бытовая техника,Малая техника,11588
477,Мультиварка Redmond RMC-M90 J9,Бытовая техника,Малая техника,17721
478,Мультиварка Redmond RMC-M90 J9,Бытовая техника,Малая техника,24414
479,Пылесос Dyson V11 Absolute J9,Бытовая техника,Малая техника,28650
480,Пылесос Dyson V11 Absolute J9,Бытовая техника,Малая техника,16759
481,Блендер Braun MQ 5235 J9,Бытовая техника,Малая техника,5927
482,Блендер Braun MQ 5235 J9,Бытовая техника,Малая техника,13295
483,Блендер Braun MQ 5235 J9,Бытовая техника,Малая техника,22977
484,Кофемашина De'Longhi Magnifica S J9,Бытовая техника,Малая техника,8573
485,Платье Zara Floral Midi A0,Одежда,Женская,3568
486,Платье Zara Floral Midi A0,Одежда,Женская,9542
487,Платье Zara Floral Midi A0,Одежда,Женская,3180
488,Блузка H&M White Cotton A0,Одежда,Женская,6158
489,Юбка Mango A-Line Denim A0,Одежда,Женская,9343
490,Юбка Mango A-Line Denim A0,Одежда,Женская,8716
491,Юбка Mango A-Line Denim A0,Одежда,Женская,7082
492,Юбка Mango A-Line Denim A0,Одежда,Женская,4520
493,Куртка Columbia Powder Lite A0,Одежда,Мужская,5636
494,Джинсы Levi's 511 Slim A0,Одежда,Мужская,3369
495,Джинсы Levi's 511 Slim A0,Одежда,Мужская,2570
496,Джинсы Levi's 511 Slim A0,Одежда,Мужская,8065
497,Джинсы Levi's 511 Slim A0,Одежда,Мужская,9556
498,Рубашка Tom Tailor Regular Fit A0,Одежда,Мужская,2378
499,Спортивный костюм Adidas Tiro 23 A0,Одежда,Унисекс,3944
500,Спортивный костюм Adidas Tiro 23 A0,Одежда,Унисекс,6478
501,Футболка Uniqlo Airism A0,Одежда,Унисекс,5566
502,Толстовка Nike Sportswear Club A0,Одежда,Унисекс,8318
503,Платье Zara Floral Midi B1,Одежда,Женская,7732
504,Платье Zara Floral Midi B1,Одежда,Женская,8881
505,Блузка H&M White Cotton B1,Одежда,Женская,6371
506,Блузка H&M White Cotton B1,Одежда,Женская,8525
507,Блузка H&M White Cotton B1,Одежда,Женская,6503
508,Блузка H&M White Cotton B1,Одежда,Женская,2486
509,Юбка Mango A-Line Denim B1,Одежда,Женская,4904
510,Куртка Columbia Powder Lite B1,Одежда,Мужская,5835
511,Куртка Columbia Powder Lite B1,Одежда,Мужская,2830
512,Джинсы Levi's 511 Slim B1,Одежда,Мужская,5429
513,Джинсы Levi's 511 Slim B1,Одежда,Мужская,4347
514,Рубашка Tom Tailor Regular Fit B1,Одежда,Мужская,4064
515,Спортивный костюм Adidas Tiro 23 B1,Одежда,Унисекс,8193
516,Футболка Uniqlo Airism B1,Одежда,Унисекс,9199
517,Футболка Uniqlo Airism B1,Одежда,Унисекс,6271
518,Футболка Uniqlo Airism B1,Одежда,Унисекс,2034
519,Футболка Uniqlo Airism B1,Одежда,Унисекс,5292
520,Толстовка Nike Sportswear Club B1,Одежда,Унисекс,6132
521,Толстовка Nike Sportswear Club B1,Одежда,Унисекс,8938
522,Толстовка Nike Sportswear Club B1,Одежда,Унисекс,2666
523,Платье Zara Floral Midi C2,Одежда,Женская,5834
524,Платье Zara Floral Midi C2,Одежда,Женская,4741
525,Блузка H&M White Cotton C2,Одежда,Женская,3380
526,Блузка H&M White Cotton C2,Одежда,Женская,5183
527,Блузка H&M White Cotton C2,Одежда,Женская,3941
528,Блузка H&M White Cotton C2,Одежда,Женская,5852
529,Юбка Mango A-Line Denim C2,Одежда,Женская,2669
530,Юбка Mango A-Line Denim C2,Одежда,Женская,2477
531,Куртка Columbia Powder Lite C2,Одежда,Мужская,6539
532,Куртка Columbia Powder Lite C2,Одежда,Мужская,6228
533,Джинсы Levi's 511 Slim C2,Одежда,Мужская,3537
534,Джинсы Levi's 511 Slim C2,Одежда,Мужская,9179
535,Джинсы Levi's 511 Slim C2,Одежда,Мужская,6482
536,Джинсы Levi's 511 Slim C2,Одежда,Мужская,8094
537,Рубашка Tom Tailor Regular Fit C2,Одежда,Мужская,9699
538,Рубашка Tom Tailor Regular Fit C2,Одежда,Мужская,9590
539,Рубашка Tom Tailor Regular Fit C2,Одежда,Мужская,8672
540,Спортивный костюм Adidas Tiro 23 C2,Одежда,Унисекс,2153
541,Футболка Uniqlo Airism C2,Одежда,Унисекс,6780
542,Футболка Uniqlo Airism C2,Одежда,Унисекс,5602
543,Футболка Uniqlo Airism C2,Одежда,Унисекс,1923
544,Футболка Uniqlo Airism C2,Одежда,Унисекс,2996
545,Толстовка Nike Sportswear Club C2,Одежда,Унисекс,1839
546,Толстовка Nike Sportswear Club C2,Одежда,Унисекс,5915
547,Платье Zara Floral Midi D3,Одежда,Женская,4370
548,Блузка H&M White Cotton D3,Одежда,Женская,8745
549,Блузка H&M White Cotton D3,Одежда,Женская,6057
550,Блузка H&M White Cotton D3,Одежда,Женская,4473
551,Блузка H&M White Cotton D3,Одежда,Женская,8641
552,Юбка Mango A-Line Denim D3,Одежда,Женская,2994
553,Юбка Mango A-Line Denim D3,Одежда,Женская,9200
554,Юбка Mango A-Line Denim D3,Одежда,Женская,7200
555,Юбка Mango A-Line Denim D3,Одежда,Женская,8190
556,Куртка Columbia Powder Lite D3,Одежда,Мужская,6760
557,Куртка Columbia Powder Lite D3,Одежда,Мужская,3213
558,Куртка Columbia Powder Lite D3,Одежда,Мужская,4134
559,Джинсы Levi's 511 Slim D3,Одежда,Мужская,8244
560,Джинсы Levi's 511 Slim D3,Одежда,Мужская,9617
561,Джинсы Levi's 511 Slim D3,Одежда,Мужская,6222
562,Рубашка Tom Tailor Regular Fit D3,Одежда,Мужская,2101
563,Рубашка Tom Tailor Regular Fit D3,Одежда,Мужская,8951
564,Рубашка Tom Tailor Regular Fit D3,Одежда,Мужская,2942
565,Рубашка Tom Tailor Regular Fit D3,Одежда,Мужская,6653
566,Спортивный костюм Adidas Tiro 23 D3,Одежда,Унисекс,6796
567,Спортивный костюм Adidas Tiro 23 D3,Одежда,Унисекс,3399
568,Спортивный костюм Adidas Tiro 23 D3,Одежда,Унисекс,8122
569,Футболка Uniqlo Airism D3,Одежда,Унисекс,9069
570,Толстовка Nike Sportswear Club D3,Одежда,Унисекс,2388
571,Толстовка Nike Sportswear Club D3,Одежда,Унисекс,4573
572,Толстовка Nike Sportswear Club D3,Одежда,Унисекс,9994
573,Толстовка Nike Sportswear Club D3,Одежда,Унисекс,7427
574,Платье Zara Floral Midi E4,Одежда,Женская,8742
575,Платье Zara Floral Midi E4,Одежда,Женская,2345
576,Платье Zara Floral Midi E4,Одежда,Женская,4835
577,Платье Zara Floral Midi E4,Одежда,Женская,5875
578,Блузка H&M White Cotton E4,Одежда,Женская,6219
579,Блузка H&M White Cotton E4,Одежда,Женская,8678
580,Юбка Mango A-Line Denim E4,Одежда,Женская,3489
581,Юбка Mango A-Line Denim E4,Одежда,Женская,1972
582,Юбка Mango A-Line Denim E4,Одежда,Женская,5420
583,Юбка Mango A-Line Denim E4,Одежда,Женская,4094
584,Куртка Columbia Powder Lite E4,Одежда,Мужская,1724
585,Куртка Columbia Powder Lite E4,Одежда,Мужская,8184
586,Куртка Columbia Powder Lite E4,Одежда,Мужская,3027
587,Джинсы Levi's 511 Slim E4,Одежда,Мужская,3358
588,Джинсы Levi's 511 Slim E4,Одежда,Мужская,9060
589,Рубашка Tom Tailor Regular Fit E4,Одежда,Мужская,4022
590,Спортивный костюм Adidas Tiro 23 E4,Одежда,Унисекс,6281
591,Спортивный костюм Adidas Tiro 23 E4,Одежда,Унисекс,9837
592,Спортивный костюм Adidas Tiro 23 E4,Одежда,Унисекс,5979
593,Спортивный костюм Adidas Tiro 23 E4,Одежда,Унисекс,8307
594,Футболка Uniqlo Airism E4,Одежда,Унисекс,9236
595,Футболка Uniqlo Airism E4,Одежда,Унисекс,5493
596,Футболка Uniqlo Airism E4,Одежда,Унисекс,8983
597,Футболка Uniqlo Airism E4,Одежда,Унисекс,3869
598,Толстовка Nike Sportswear Club E4,Одежда,Унисекс,4622
599,Толстовка Nike Sportswear Club E4,Одежда,Унисекс,9827
600,Толстовка Nike Sportswear Club E4,Одежда,Унисекс,3736
601,Толстовка Nike Sportswear Club E4,Одежда,Унисекс,2643
602,Платье Zara Floral Midi F5,Одежда,Женская,8298
603,Платье Zara Floral Midi F5,Одежда,Женская,7068
604,Платье Zara Floral Midi F5,Одежда,Женская,9818
605,Блузка H&M White Cotton F5,Одежда,Женская,1542
606,Блузка H&M White Cotton F5,Одежда,Женская,6134
607,Блузка H&M White Cotton F5,Одежда,Женская,6391
608,Юбка Mango A-Line Denim F5,Одежда,Женская,3934
609,Юбка Mango A-Line Denim F5,Одежда,Женская,8816
610,Юбка Mango A-Line Denim F5,Одежда,Женская,9435
611,Юбка Mango A-Line Denim F5,Одежда,Женская,7154
612,Куртка Columbia Powder Lite F5,Одежда,Мужская,7680
613,Куртка Columbia Powder Lite F5,Одежда,Мужская,8960
614,Куртка Columbia Powder Lite F5,Одежда,Мужская,6772
615,Джинсы Levi's 511 Slim F5,Одежда,Мужская,5412
616,Джинсы Levi's 511 Slim F5,Одежда,Мужская,7774
617,Рубашка Tom Tailor Regular Fit F5,Одежда,Мужская,8230
618,Рубашка Tom Tailor Regular Fit F5,Одежда,Мужская,2215
619,Спортивный костюм Adidas Tiro 23 F5,Одежда,Унисекс,9249
620,Спортивный костюм Adidas Tiro 23 F5,Одежда,Унисекс,7746
621,Спортивный костюм Adidas Tiro 23 F5,Одежда,Унисекс,7825
622,Футболка Uniqlo Airism F5,Одежда,Унисекс,9615
623,Футболка Uniqlo Airism F5,Одежда,Унисекс,2106
624,Толстовка Nike Sportswear Club F5,Одежда,Унисекс,9729
625,Толстовка Nike Sportswear Club F5,Одежда,Унисекс,6939
626,Платье Zara Floral Midi G6,Одежда,Женская,8713
627,Блузка H&M White Cotton G6,Одежда,Женская,8986
628,Юбка Mango A-Line Denim G6,Одежда,Женская,3861
629,Куртка Columbia Powder Lite G6,Одежда,Мужская,4029
630,Куртка Columbia Powder Lite G6,Одежда,Мужская,2725
631,Куртка Columbia Powder Lite G6,Одежда,Мужская,9192
632,Куртка Columbia Powder Lite G6,Одежда,Мужская,5842
633,Джинсы Levi's 511 Slim G6,Одежда,Мужская,8012
634,Джинсы Levi's 511 Slim G6,Одежда,Мужская,2815
635,Джинсы Levi's 511 Slim G6,Одежда,Мужская,6883
636,Рубашка Tom Tailor Regular Fit G6,Одежда,Мужская,6688
637,Рубашка Tom Tailor Regular Fit G6,Одежда,Мужская,9494
638,Рубашка Tom Tailor Regular Fit G6,Одежда,Мужская,2088
639,Рубашка Tom Tailor Regular Fit G6,Одежда,Мужская,2621
640,Спортивный костюм Adidas Tiro 23 G6,Одежда,Унисекс,6208
641,Спортивный костюм Adidas Tiro 23 G6,Одежда,Унисекс,5227
642,Футболка Uniqlo Airism G6,Одежда,Унисекс,8610
643,Толстовка Nike Sportswear Club G6,Одежда,Унисекс,3146
644,Платье Zara Floral Midi H7,Одежда,Женская,4225
645,Платье Zara Floral Midi H7,Одежда,Женская,6406
646,Платье Zara Floral Midi H7,Одежда,Женская,1974
647,Платье Zara Floral Midi H7,Одежда,Женская,2253
648,Блузка H&M White Cotton H7,Одежда,Женская,2419
649,Блузка H&M White Cotton H7,Одежда,Женская,6306
650,Блузка H&M White Cotton H7,Одежда,Женская,7373
651,Юбка Mango A-Line Denim H7,Одежда,Женская,8556
652,Юбка Mango A-Line Denim H7,Одежда,Женская,3885
653,Юбка Mango A-Line Denim H7,Одежда,Женская,5500
654,Куртка Columbia Powder Lite H7,Одежда,Мужская,4450
655,Куртка Columbia Powder Lite H7,Одежда,Мужская,4285
656,Куртка Columbia Powder Lite H7,Одежда,Мужская,4368
657,Куртка Columbia Powder Lite H7,Одежда,Мужская,2793
658,Джинсы Levi's 511 Slim H7,Одежда,Мужская,5445
659,Джинсы Levi's 511 Slim H7,Одежда,Мужская,9653
660,Джинсы Levi's 511 Slim H7,Одежда,Мужская,3844
661,Джинсы Levi's 511 Slim H7,Одежда,Мужская,5304
662,Рубашка Tom Tailor Regular Fit H7,Одежда,Мужская,5661
663,Рубашка Tom Tailor Regular Fit H7,Одежда,Мужская,9029
664,Рубашка Tom Tailor Regular Fit H7,Одежда,Мужская,5683
665,Рубашка Tom Tailor Regular Fit H7,Одежда,Мужская,1653
666,Спортивный костюм Adidas Tiro 23 H7,Одежда,Унисекс,6212
667,Спортивный костюм Adidas Tiro 23 H7,Одежда,Унисекс,4088
668,Спортивный костюм Adidas Tiro 23 H7,Одежда,Унисекс,2710
669,Спортивный костюм Adidas Tiro 23 H7,Одежда,Унисекс,8737
670,Футболка Uniqlo Airism H7,Одежда,Унисекс,6401
671,Футболка Uniqlo Airism H7,Одежда,Унисекс,8451
672,Футболка Uniqlo Airism H7,Одежда,Унисекс,5597
673,Толстовка Nike Sportswear Club H7,Одежда,Унисекс,6449
674,Толстовка Nike Sportswear Club H7,Одежда,Унисекс,4763
675,Толстовка Nike Sportswear Club H7,Одежда,Унисекс,7802
676,Толстовка Nike Sportswear Club H7,Одежда,Унисекс,9416
677,Платье Zara Floral Midi I8,Одежда,Женская,5386
678,Блузка H&M White Cotton I8,Одежда,Женская,7381
679,Блузка H&M White Cotton I8,Одежда,Женская,6347
680,Блузка H&M White Cotton I8,Одежда,Женская,6337
681,Блузка H&M White Cotton I8,Одежда,Женская,1859
682,Юбка Mango A-Line Denim I8,Одежда,Женская,5997
683,Юбка Mango A-Line Denim I8,Одежда,Женская,1632
684,Юбка Mango A-Line Denim I8,Одежда,Женская,2303
685,Юбка Mango A-Line Denim I8,Одежда,Женская,9638
686,Куртка Columbia Powder Lite I8,Одежда,Мужская,5270
687,Куртка Columbia Powder Lite I8,Одежда,Мужская,7272
688,Куртка Columbia Powder Lite I8,Одежда,Мужская,5088
689,Джинсы Levi's 511 Slim I8,Одежда,Мужская,5606
690,Джинсы Levi's 511 Slim I8,Одежда,Мужская,3740
691,Рубашка Tom Tailor Regular Fit I8,Одежда,Мужская,2145
692,Спортивный костюм Adidas Tiro 23 I8,Одежда,Унисекс,8722
693,Спортивный костюм Adidas Tiro 23 I8,Одежда,Унисекс,2046
694,Спортивный костюм Adidas Tiro 23 I8,Одежда,Унисекс,7477
695,Футболка Uniqlo Airism I8,Одежда,Унисекс,2976
696,Футболка Uniqlo Airism I8,Одежда,Унисекс,6335
697,Толстовка Nike Sportswear Club I8,Одежда,Унисекс,8307
698,Толстовка Nike Sportswear Club I8,Одежда,Унисекс,4377
699,Толстовка Nike Sportswear Club I8,Одежда,Унисекс,4789
700,Платье Zara Floral Midi J9,Одежда,Женская,7494
701,Платье Zara Floral Midi J9,Одежда,Женская,9721
702,Блузка H&M White Cotton J9,Одежда,Женская,4195
703,Блузка H&M White Cotton J9,Одежда,Женская,5710
704,Блузка H&M White Cotton J9,Одежда,Женская,9394
705,Юбка Mango A-Line Denim J9,Одежда,Женская,7049
706,Юбка Mango A-Line Denim J9,Одежда,Женская,3386
707,Юбка Mango A-Line Denim J9,Одежда,Женская,9173
708,Куртка Columbia Powder Lite J9,Одежда,Мужская,3806
709,Джинсы Levi's 511 Slim J9,Одежда,Мужская,8011
710,Джинсы Levi's 511 Slim J9,Одежда,Мужская,7492
711,Рубашка Tom Tailor Regular Fit J9,Одежда,Мужская,7964
712,Спортивный костюм Adidas Tiro 23 J9,Одежда,Унисекс,5832
713,Футболка Uniqlo Airism J9,Одежда,Унисекс,8951
714,Толстовка Nike Sportswear Club J9,Одежда,Унисекс,5795
715,Толстовка Nike Sportswear Club J9,Одежда,Унисекс,7742
716,Толстовка Nike Sportswear Club J9,Одежда,Унисекс,7586
717,Беговая дорожка DFC T-2001 A0,Спорттовары,Тренажеры,94226
718,Велотренажер Svensson Body Labs CrossLine A0,Спорттовары,Тренажеры,80898
719,Велотренажер Svensson Body Labs CrossLine A0,Спорттовары,Тренажеры,51640
720,Велотренажер Xizomy X10 A0,Спорттовары,Тренажеры,89982
721,Велотренажер Xizomy X10 A0,Спорттовары,Тренажеры,64507
722,Велотренажер Xizomy X10 A0,Спорттовары,Тренажеры,92444
723,Беговая дорожка DFC T-2001 B1,Спорттовары,Тренажеры,91641
724,Велотренажер Svensson Body Labs CrossLine B1,Спорттовары,Тренажеры,95945
725,Велотренажер Svensson Body Labs CrossLine B1,Спорттовары,Тренажеры,69804
726,Велотренажер Svensson Body Labs CrossLine B1,Спорттовары,Тренажеры,92548
727,Велотренажер Svensson Body Labs CrossLine B1,Спорттовары,Тренажеры,76758
728,Велотренажер Xizomy X10 B1,Спорттовары,Тренажеры,59160
729,Беговая дорожка DFC T-2001 C2,Спорттовары,Тренажеры,52438
730,Велотренажер Svensson Body Labs CrossLine C2,Спорттовары,Тренажеры,82284
731,Велотренажер Svensson Body Labs CrossLine C2,Спорттовары,Тренажеры,57610
732,Велотренажер Svensson Body Labs CrossLine C2,Спорттовары,Тренажеры,56369
733,Велотренажер Xizomy X10 C2,Спорттовары,Тренажеры,85228
734,Велотренажер Xizomy X10 C2,Спорттовары,Тренажеры,58890
735,Беговая дорожка DFC T-2001 D3,Спорттовары,Тренажеры,79729
736,Беговая дорожка DFC T-2001 D3,Спорттовары,Тренажеры,74314
737,Беговая дорожка DFC T-2001 D3,Спорттовары,Тренажеры,93940
738,Беговая дорожка DFC T-2001 D3,Спорттовары,Тренажеры,98702
739,Велотренажер Svensson Body Labs CrossLine D3,Спорттовары,Тренажеры,88491
740,Велотренажер Svensson Body Labs CrossLine D3,Спорттовары,Тренажеры,98645
741,Велотренажер Svensson Body Labs CrossLine D3,Спорттовары,Тренажеры,97618
742,Велотренажер Svensson Body Labs CrossLine D3,Спорттовары,Тренажеры,60126
743,Велотренажер Xizomy X10 D3,Спорттовары,Тренажеры,92920
744,Велотренажер Xizomy X10 D3,Спорттовары,Тренажеры,56489
745,Велотренажер Xizomy X10 D3,Спорттовары,Тренажеры,82069
746,Велотренажер Xizomy X10 D3,Спорттовары,Тренажеры,90347
747,Беговая дорожка DFC T-2001 E4,Спорттовары,Тренажеры,68333
748,Беговая дорожка DFC T-2001 E4,Спорттовары,Тренажеры,52144
749,Беговая дорожка DFC T-2001 E4,Спорттовары,Тренажеры,95238
750,Беговая дорожка DFC T-2001 E4,Спорттовары,Тренажеры,74283
751,Велотренажер Svensson Body Labs CrossLine E4,Спорттовары,Тренажеры,79057
752,Велотренажер Svensson Body Labs CrossLine E4,Спорттовары,Тренажеры,79143
753,Велотренажер Xizomy X10 E4,Спорттовары,Тренажеры,73768
754,Велотренажер Xizomy X10 E4,Спорттовары,Тренажеры,56511
755,Беговая дорожка DFC T-2001 F5,Спорттовары,Тренажеры,85682
756,Беговая дорожка DFC T-2001 F5,Спорттовары,Тренажеры,92259
757,Беговая дорожка DFC T-2001 F5,Спорттовары,Тренажеры,73506
758,Велотренажер Svensson Body Labs CrossLine F5,Спорттовары,Тренажеры,76092
759,Велотренажер Xizomy X10 F5,Спорттовары,Тренажеры,62439
760,Велотренажер Xizomy X10 F5,Спорттовары,Тренажеры,58005
761,Велотренажер Xizomy X10 F5,Спорттовары,Тренажеры,79800
762,Беговая дорожка DFC T-2001 G6,Спорттовары,Тренажеры,93435
763,Велотренажер Svensson Body Labs CrossLine G6,Спорттовары,Тренажеры,92054
764,Велотренажер Svensson Body Labs CrossLine G6,Спорттовары,Тренажеры,91909
765,Велотренажер Xizomy X10 G6,Спорттовары,Тренажеры,53314
766,Беговая дорожка DFC T-2001 H7,Спорттовары,Тренажеры,65962
767,Беговая дорожка DFC T-2001 H7,Спорттовары,Тренажеры,58252
768,Беговая дорожка DFC T-2001 H7,Спорттовары,Тренажеры,87000
769,Велотренажер Svensson Body Labs CrossLine H7,Спорттовары,Тренажеры,54496
770,Велотренажер Svensson Body Labs CrossLine H7,Спорттовары,Тренажеры,86320
771,Велотренажер Xizomy X10 H7,Спорттовары,Тренажеры,88429
772,Велотренажер Xizomy X10 H7,Спорттовары,Тренажеры,64152
773,Беговая дорожка DFC T-2001 I8,Спорттовары,Тренажеры,71532
774,Беговая дорожка DFC T-2001 I8,Спорттовары,Тренажеры,59670
775,Велотренажер Svensson Body Labs CrossLine I8,Спорттовары,Тренажеры,68171
776,Велотренажер Xizomy X10 I8,Спорттовары,Тренажеры,58519
777,Велотренажер Xizomy X10 I8,Спорттовары,Тренажеры,85403
778,Беговая дорожка DFC T-2001 J9,Спорттовары,Тренажеры,61435
779,Беговая дорожка DFC T-2001 J9,Спорттовары,Тренажеры,57204
780,Беговая дорожка DFC T-2001 J9,Спорттовары,Тренажеры,93323
781,Велотренажер Svensson Body Labs CrossLine J9,Спорттовары,Тренажеры,58637
782,Велотренажер Xizomy X10 J9,Спорттовары,Тренажеры,73477
